{
    "shifts": [
        3505323103.4094462, 
        92.95886768845793, 
        37989.521895527054, 
        430.3417782649336, 
        0.13934939005317484, 
        15.120425398811385, 
        2.960118861432593, 
        0.38974038160775726, 
        48.403659680950895
    ], 
    "columns": [
        "Effective To Date_parsed", 
        "Monthly Premium Auto", 
        "Income", 
        "Total Claim Amount", 
        "Response", 
        "Months Since Last Claim", 
        "Number of Policies", 
        "Number of Open Complaints", 
        "Months Since Policy Inception"
    ], 
    "inv_scales": [
        6.834758590957402e-07, 
        0.0292899954352961, 
        3.284254031107089e-05, 
        0.003434869781925095, 
        2.8873541765008244, 
        0.09918149797827515, 
        0.41847092468398533, 
        1.0894022251613178, 
        0.03564996911319755
    ]
}