{
    "shifts": [
        3505328996.8439507, 
        93.14533411260471, 
        38164.571011104614, 
        431.74213203545713, 
        0.13929475939996103, 
        15.105396454315215, 
        2.9604519774011298, 
        0.38827196571205924, 
        48.57646600428599
    ], 
    "columns": [
        "Effective To Date_parsed", 
        "Monthly Premium Auto", 
        "Income", 
        "Total Claim Amount", 
        "Response", 
        "Months Since Last Claim", 
        "Number of Policies", 
        "Number of Open Complaints", 
        "Months Since Policy Inception"
    ], 
    "inv_scales": [
        6.826032852797221e-07, 
        0.029179808617790154, 
        3.2756524469520964e-05, 
        0.0033961648948039333, 
        2.887773184752743, 
        0.09942759660680725, 
        0.4189500783763844, 
        1.0941018947580194, 
        0.03567155479872577
    ]
}